Vectors,p1,p2,p3,p4,p5,true_value_next_day
1,-0.1545452898675692,-0.8786204622023064,-0.12785158887330672,0.1795377181931901,-0.047052628163146704,0.08651256948868369
2,-0.8786204622023064,-0.12785158887330672,0.1795377181931901,-0.047052628163146704,0.08651256948868369,-0.17601046005017995
3,-0.12785158887330672,0.1795377181931901,-0.047052628163146704,0.08651256948868369,-0.17601046005017995,0.39071904866585516
4,0.1795377181931901,-0.047052628163146704,0.08651256948868369,-0.17601046005017995,0.39071904866585516,0.05929431617435199
5,-0.047052628163146704,0.08651256948868369,-0.17601046005017995,0.39071904866585516,0.05929431617435199,-0.32727697071505135
6,0.08651256948868369,-0.17601046005017995,0.39071904866585516,0.05929431617435199,-0.32727697071505135,0.0
7,-0.17601046005017995,0.39071904866585516,0.05929431617435199,-0.32727697071505135,0.0,-0.6113749991015105
8,0.39071904866585516,0.05929431617435199,-0.32727697071505135,0.0,-0.6113749991015105,0.06421361876616238
9,0.05929431617435199,-0.32727697071505135,0.0,-0.6113749991015105,0.06421361876616238,-0.06091998707791202
10,-0.32727697071505135,0.0,-0.6113749991015105,0.06421361876616238,-0.06091998707791202,0.12090614520767762
11,0.0,-0.6113749991015105,0.06421361876616238,-0.06091998707791202,0.12090614520767762,-0.11097587522371777
12,-0.6113749991015105,0.06421361876616238,-0.06091998707791202,0.12090614520767762,-0.11097587522371777,-0.205215722482599
13,0.06421361876616238,-0.06091998707791202,0.12090614520767762,-0.11097587522371777,-0.205215722482599,0.21981168503151238
14,-0.06091998707791202,0.12090614520767762,-0.11097587522371777,-0.205215722482599,0.21981168503151238,-0.3188993491867853
15,0.12090614520767762,-0.11097587522371777,-0.205215722482599,0.21981168503151238,-0.3188993491867853,-0.03253046819037264
16,-0.11097587522371777,-0.205215722482599,0.21981168503151238,-0.3188993491867853,-0.03253046819037264,-0.08343042513787591
17,-0.205215722482599,0.21981168503151238,-0.3188993491867853,-0.03253046819037264,-0.08343042513787591,0.08241081449942289
18,0.21981168503151238,-0.3188993491867853,-0.03253046819037264,-0.08343042513787591,0.08241081449942289,-0.3640899844691736
19,-0.3188993491867853,-0.03253046819037264,-0.08343042513787591,0.08241081449942289,-0.3640899844691736,0.6546518613900432
20,-0.03253046819037264,-0.08343042513787591,0.08241081449942289,-0.3640899844691736,0.6546518613900432,-0.8699545159365218
21,-0.08343042513787591,0.08241081449942289,-0.3640899844691736,0.6546518613900432,-0.8699545159365218,-0.3544747978426521
22,0.08241081449942289,-0.3640899844691736,0.6546518613900432,-0.8699545159365218,-0.3544747978426521,0.1430711534839757
23,-0.3640899844691736,0.6546518613900432,-0.8699545159365218,-0.3544747978426521,0.1430711534839757,0.17241086979722375
24,0.6546518613900432,-0.8699545159365218,-0.3544747978426521,0.1430711534839757,0.17241086979722375,0.014005430257091334
25,-0.8699545159365218,-0.3544747978426521,0.1430711534839757,0.17241086979722375,0.014005430257091334,0.19436726497761292
26,-0.3544747978426521,0.1430711534839757,0.17241086979722375,0.014005430257091334,0.19436726497761292,-0.24021357911608865
27,0.1430711534839757,0.17241086979722375,0.014005430257091334,0.19436726497761292,-0.24021357911608865,-0.5879202295596575
28,0.17241086979722375,0.014005430257091334,0.19436726497761292,-0.24021357911608865,-0.5879202295596575,0.21679108452643536
29,0.014005430257091334,0.19436726497761292,-0.24021357911608865,-0.5879202295596575,0.21679108452643536,0.38892439644742094
30,0.19436726497761292,-0.24021357911608865,-0.5879202295596575,0.21679108452643536,0.38892439644742094,0.10246971826746165
31,-0.24021357911608865,-0.5879202295596575,0.21679108452643536,0.38892439644742094,0.10246971826746165,-0.08837131826242572
32,-0.5879202295596575,0.21679108452643536,0.38892439644742094,0.10246971826746165,-0.08837131826242572,0.3503573049315589
33,0.21679108452643536,0.38892439644742094,0.10246971826746165,-0.08837131826242572,0.3503573049315589,0.06708392833343346
34,0.38892439644742094,0.10246971826746165,-0.08837131826242572,0.3503573049315589,0.06708392833343346,0.048717545323162526
35,0.10246971826746165,-0.08837131826242572,0.3503573049315589,0.06708392833343346,0.048717545323162526,-0.05194228009101076
36,-0.08837131826242572,0.3503573049315589,0.06708392833343346,0.048717545323162526,-0.05194228009101076,0.285384801240407
37,0.3503573049315589,0.06708392833343346,0.048717545323162526,-0.05194228009101076,0.285384801240407,-0.05639159695994822
38,0.06708392833343346,0.048717545323162526,-0.05194228009101076,0.285384801240407,-0.05639159695994822,-0.05528021705811792
39,0.048717545323162526,-0.05194228009101076,0.285384801240407,-0.05639159695994822,-0.05528021705811792,-0.31226566602047257
40,-0.05194228009101076,0.285384801240407,-0.05639159695994822,-0.05528021705811792,-0.31226566602047257,0.3491335816306229
41,0.285384801240407,-0.05639159695994822,-0.05528021705811792,-0.31226566602047257,0.3491335816306229,0.11506775155347704
42,-0.05639159695994822,-0.05528021705811792,-0.31226566602047257,0.3491335816306229,0.11506775155347704,0.007599404215485883
43,-0.05528021705811792,-0.31226566602047257,0.3491335816306229,0.11506775155347704,0.007599404215485883,0.40110165418332233
44,-0.31226566602047257,0.3491335816306229,0.11506775155347704,0.007599404215485883,0.40110165418332233,0.46429060472945594
45,0.3491335816306229,0.11506775155347704,0.007599404215485883,0.40110165418332233,0.46429060472945594,-0.0656567795387697
46,0.11506775155347704,0.007599404215485883,0.40110165418332233,0.46429060472945594,-0.0656567795387697,-0.10603929401840073
47,0.007599404215485883,0.40110165418332233,0.46429060472945594,-0.0656567795387697,-0.10603929401840073,-0.03278122880970846
48,0.40110165418332233,0.46429060472945594,-0.0656567795387697,-0.10603929401840073,-0.03278122880970846,0.2519724276841995
49,0.46429060472945594,-0.0656567795387697,-0.10603929401840073,-0.03278122880970846,0.2519724276841995,-0.6562695389562556
50,-0.0656567795387697,-0.10603929401840073,-0.03278122880970846,0.2519724276841995,-0.6562695389562556,-0.007623501546549782
51,-0.10603929401840073,-0.03278122880970846,0.2519724276841995,-0.6562695389562556,-0.007623501546549782,-0.07937371227215717
52,-0.03278122880970846,0.2519724276841995,-0.6562695389562556,-0.007623501546549782,-0.07937371227215717,-0.09777760139780822
53,0.2519724276841995,-0.6562695389562556,-0.007623501546549782,-0.07937371227215717,-0.09777760139780822,0.6803066718666706
54,-0.6562695389562556,-0.007623501546549782,-0.07937371227215717,-0.09777760139780822,0.6803066718666706,-0.6843421167792352
55,-0.007623501546549782,-0.07937371227215717,-0.09777760139780822,0.6803066718666706,-0.6843421167792352,-0.5047075233675313
56,-0.07937371227215717,-0.09777760139780822,0.6803066718666706,-0.6843421167792352,-0.5047075233675313,0.2839613982804634
57,-0.09777760139780822,0.6803066718666706,-0.6843421167792352,-0.5047075233675313,0.2839613982804634,-0.05415890093947162
58,0.6803066718666706,-0.6843421167792352,-0.5047075233675313,0.2839613982804634,-0.05415890093947162,-0.17517638968261862
59,-0.6843421167792352,-0.5047075233675313,0.2839613982804634,-0.05415890093947162,-0.17517638968261862,-0.17487746285576034
60,-0.5047075233675313,0.2839613982804634,-0.05415890093947162,-0.17517638968261862,-0.17487746285576034,-0.016178799477861716
61,0.2839613982804634,-0.05415890093947162,-0.17517638968261862,-0.17487746285576034,-0.016178799477861716,-0.5143150317636236
62,-0.05415890093947162,-0.17517638968261862,-0.17487746285576034,-0.016178799477861716,-0.5143150317636236,0.2918275733701847
63,-0.17517638968261862,-0.17487746285576034,-0.016178799477861716,-0.5143150317636236,0.2918275733701847,0.6481340849805228
64,-0.17487746285576034,-0.016178799477861716,-0.5143150317636236,0.2918275733701847,0.6481340849805228,-0.011922747634585118
65,-0.016178799477861716,-0.5143150317636236,0.2918275733701847,0.6481340849805228,-0.011922747634585118,-0.06065486129902542
66,-0.5143150317636236,0.2918275733701847,0.6481340849805228,-0.011922747634585118,-0.06065486129902542,0.30636417249643166
67,0.2918275733701847,0.6481340849805228,-0.011922747634585118,-0.06065486129902542,0.30636417249643166,-0.04018391107306618
68,0.6481340849805228,-0.011922747634585118,-0.06065486129902542,0.30636417249643166,-0.04018391107306618,-1.0827671256997462
69,-0.011922747634585118,-0.06065486129902542,0.30636417249643166,-0.04018391107306618,-1.0827671256997462,-0.13837832894822988
70,-0.06065486129902542,0.30636417249643166,-0.04018391107306618,-1.0827671256997462,-0.13837832894822988,-0.7199109613056143
71,0.30636417249643166,-0.04018391107306618,-1.0827671256997462,-0.13837832894822988,-0.7199109613056143,-0.22421085446946432
72,-0.04018391107306618,-1.0827671256997462,-0.13837832894822988,-0.7199109613056143,-0.22421085446946432,-0.040354405243714364
73,-1.0827671256997462,-0.13837832894822988,-0.7199109613056143,-0.22421085446946432,-0.040354405243714364,0.451316778317401
74,-0.13837832894822988,-0.7199109613056143,-0.22421085446946432,-0.040354405243714364,0.451316778317401,-0.2363091527059713
75,-0.7199109613056143,-0.22421085446946432,-0.040354405243714364,0.451316778317401,-0.2363091527059713,0.13216500410457854
76,-0.22421085446946432,-0.040354405243714364,0.451316778317401,-0.2363091527059713,0.13216500410457854,-0.039414857141839565
77,-0.040354405243714364,0.451316778317401,-0.2363091527059713,0.13216500410457854,-0.039414857141839565,0.47205706173933937
78,0.451316778317401,-0.2363091527059713,0.13216500410457854,-0.039414857141839565,0.47205706173933937,-0.04172858578515015
79,-0.2363091527059713,0.13216500410457854,-0.039414857141839565,0.47205706173933937,-0.04172858578515015,0.2779056228315868
80,0.13216500410457854,-0.039414857141839565,0.47205706173933937,-0.04172858578515015,0.2779056228315868,-0.2120068399481645
81,-0.039414857141839565,0.47205706173933937,-0.04172858578515015,0.2779056228315868,-0.2120068399481645,0.08251340439218158
82,0.47205706173933937,-0.04172858578515015,0.2779056228315868,-0.2120068399481645,0.08251340439218158,-0.45866150360519553
83,-0.04172858578515015,0.2779056228315868,-0.2120068399481645,0.08251340439218158,-0.45866150360519553,0.5157048926138108
84,0.2779056228315868,-0.2120068399481645,0.08251340439218158,-0.45866150360519553,0.5157048926138108,0.10733945474359352
85,-0.2120068399481645,0.08251340439218158,-0.45866150360519553,0.5157048926138108,0.10733945474359352,0.23344122780000198
86,0.08251340439218158,-0.45866150360519553,0.5157048926138108,0.10733945474359352,0.23344122780000198,0.08721746157627219
87,-0.45866150360519553,0.5157048926138108,0.10733945474359352,0.23344122780000198,0.08721746157627219,-0.15803038824503401
88,0.5157048926138108,0.10733945474359352,0.23344122780000198,0.08721746157627219,-0.15803038824503401,-0.033310542298736756
89,0.10733945474359352,0.23344122780000198,0.08721746157627219,-0.15803038824503401,-0.033310542298736756,0.3559004264149568
90,0.23344122780000198,0.08721746157627219,-0.15803038824503401,-0.033310542298736756,0.3559004264149568,-0.13678194040684932
91,0.08721746157627219,-0.15803038824503401,-0.033310542298736756,0.3559004264149568,-0.13678194040684932,0.21480105086160162
92,-0.15803038824503401,-0.033310542298736756,0.3559004264149568,-0.13678194040684932,0.21480105086160162,0.1946593428366894
93,-0.033310542298736756,0.3559004264149568,-0.13678194040684932,0.21480105086160162,0.1946593428366894,0.6958517197712899
94,0.3559004264149568,-0.13678194040684932,0.21480105086160162,0.1946593428366894,0.6958517197712899,-0.2021339610122852
95,-0.13678194040684932,0.21480105086160162,0.1946593428366894,0.6958517197712899,-0.2021339610122852,0.07068450993499287
96,0.21480105086160162,0.1946593428366894,0.6958517197712899,-0.2021339610122852,0.07068450993499287,-0.1346704651206121
97,0.1946593428366894,0.6958517197712899,-0.2021339610122852,0.07068450993499287,-0.1346704651206121,-0.05210343327269884
98,0.6958517197712899,-0.2021339610122852,0.07068450993499287,-0.1346704651206121,-0.05210343327269884,-0.27604945630765876
99,-0.2021339610122852,0.07068450993499287,-0.1346704651206121,-0.05210343327269884,-0.27604945630765876,-0.11568313063549107
100,0.07068450993499287,-0.1346704651206121,-0.05210343327269884,-0.27604945630765876,-0.11568313063549107,0.32325156678336686
101,-0.1346704651206121,-0.05210343327269884,-0.27604945630765876,-0.11568313063549107,0.32325156678336686,0.13143355434903636
102,-0.05210343327269884,-0.27604945630765876,-0.11568313063549107,0.32325156678336686,0.13143355434903636,-0.09224489840714556
103,-0.27604945630765876,-0.11568313063549107,0.32325156678336686,0.13143355434903636,-0.09224489840714556,-0.4612329057552267
104,-0.11568313063549107,0.32325156678336686,0.13143355434903636,-0.09224489840714556,-0.4612329057552267,0.31097347455193436
105,0.32325156678336686,0.13143355434903636,-0.09224489840714556,-0.4612329057552267,0.31097347455193436,0.16279400589764847
106,0.13143355434903636,-0.09224489840714556,-0.4612329057552267,0.31097347455193436,0.16279400589764847,0.5006481625289716
107,-0.09224489840714556,-0.4612329057552267,0.31097347455193436,0.16279400589764847,0.5006481625289716,-0.23396196060713192
108,-0.4612329057552267,0.31097347455193436,0.16279400589764847,0.5006481625289716,-0.23396196060713192,-0.0674161906872528
109,0.31097347455193436,0.16279400589764847,0.5006481625289716,-0.23396196060713192,-0.0674161906872528,0.18301472109247818
110,0.16279400589764847,0.5006481625289716,-0.23396196060713192,-0.0674161906872528,0.18301472109247818,-1.0606295366450857
111,0.5006481625289716,-0.23396196060713192,-0.0674161906872528,0.18301472109247818,-1.0606295366450857,-0.13563397936423582
112,-0.23396196060713192,-0.0674161906872528,0.18301472109247818,-1.0606295366450857,-0.13563397936423582,-0.22233252467018794
113,-0.0674161906872528,0.18301472109247818,-1.0606295366450857,-0.13563397936423582,-0.22233252467018794,0.6779958626546678
114,0.18301472109247818,-1.0606295366450857,-0.13563397936423582,-0.22233252467018794,0.6779958626546678,-0.687287799533598
115,-1.0606295366450857,-0.13563397936423582,-0.22233252467018794,0.6779958626546678,-0.687287799533598,-0.34140414735824853
116,-0.13563397936423582,-0.22233252467018794,0.6779958626546678,-0.687287799533598,-0.34140414735824853,0.35981656628751857
117,-0.22233252467018794,0.6779958626546678,-0.687287799533598,-0.34140414735824853,0.35981656628751857,0.015038957559387889
118,0.6779958626546678,-0.687287799533598,-0.34140414735824853,0.35981656628751857,0.015038957559387889,0.08601434112416317
119,-0.687287799533598,-0.34140414735824853,0.35981656628751857,0.015038957559387889,0.08601434112416317,-0.4196899470109816
120,-0.34140414735824853,0.35981656628751857,0.015038957559387889,0.08601434112416317,-0.4196899470109816,-0.17420859848481518
121,0.35981656628751857,0.015038957559387889,0.08601434112416317,-0.4196899470109816,-0.17420859848481518,0.42072196200988454
122,0.015038957559387889,0.08601434112416317,-0.4196899470109816,-0.17420859848481518,0.42072196200988454,-0.21526644623540703
123,0.08601434112416317,-0.4196899470109816,-0.17420859848481518,0.42072196200988454,-0.21526644623540703,-0.275549094600569
124,-0.4196899470109816,-0.17420859848481518,0.42072196200988454,-0.21526644623540703,-0.275549094600569,0.2655728098447163
125,-0.17420859848481518,0.42072196200988454,-0.21526644623540703,-0.275549094600569,0.2655728098447163,0.2501303028703994
126,0.42072196200988454,-0.21526644623540703,-0.275549094600569,0.2655728098447163,0.2501303028703994,0.017178606538514885
127,-0.21526644623540703,-0.275549094600569,0.2655728098447163,0.2501303028703994,0.017178606538514885,0.10534106278563549
128,-0.275549094600569,0.2655728098447163,0.2501303028703994,0.017178606538514885,0.10534106278563549,0.41769340432380453
129,0.2655728098447163,0.2501303028703994,0.017178606538514885,0.10534106278563549,0.41769340432380453,0.16107649996139894
130,0.2501303028703994,0.017178606538514885,0.10534106278563549,0.41769340432380453,0.16107649996139894,0.14182900309382962
131,0.017178606538514885,0.10534106278563549,0.41769340432380453,0.16107649996139894,0.14182900309382962,0.045487934906107697
132,0.10534106278563549,0.41769340432380453,0.16107649996139894,0.14182900309382962,0.045487934906107697,-0.14924617474129098
133,0.41769340432380453,0.16107649996139894,0.14182900309382962,0.045487934906107697,-0.14924617474129098,0.171162134456182
134,0.16107649996139894,0.14182900309382962,0.045487934906107697,-0.14924617474129098,0.171162134456182,0.3642424623895302
135,0.14182900309382962,0.045487934906107697,-0.14924617474129098,0.171162134456182,0.3642424623895302,0.11756735673209562
136,0.045487934906107697,-0.14924617474129098,0.171162134456182,0.3642424623895302,0.11756735673209562,0.14717265118409095
137,-0.14924617474129098,0.171162134456182,0.3642424623895302,0.11756735673209562,0.14717265118409095,0.00871524876568941
138,0.171162134456182,0.3642424623895302,0.11756735673209562,0.14717265118409095,0.00871524876568941,0.3457148330447968
139,0.3642424623895302,0.11756735673209562,0.14717265118409095,0.00871524876568941,0.3457148330447968,-0.353208229081603
140,0.11756735673209562,0.14717265118409095,0.00871524876568941,0.3457148330447968,-0.353208229081603,-0.02180452451537862
141,0.14717265118409095,0.00871524876568941,0.3457148330447968,-0.353208229081603,-0.02180452451537862,-0.08603399994553396
142,0.00871524876568941,0.3457148330447968,-0.353208229081603,-0.02180452451537862,-0.08603399994553396,-0.359155869312322
143,0.3457148330447968,-0.353208229081603,-0.02180452451537862,-0.08603399994553396,-0.359155869312322,-0.1029748560296806
144,-0.353208229081603,-0.02180452451537862,-0.08603399994553396,-0.359155869312322,-0.1029748560296806,0.10851384423080646
145,-0.02180452451537862,-0.08603399994553396,-0.359155869312322,-0.1029748560296806,0.10851384423080646,0.022795394253760648
146,-0.08603399994553396,-0.359155869312322,-0.1029748560296806,0.10851384423080646,0.022795394253760648,-0.3159325678096292
147,-0.359155869312322,-0.1029748560296806,0.10851384423080646,0.022795394253760648,-0.3159325678096292,-0.03136835438768415
148,-0.1029748560296806,0.10851384423080646,0.022795394253760648,-0.3159325678096292,-0.03136835438768415,0.07252143928824228
149,0.10851384423080646,0.022795394253760648,-0.3159325678096292,-0.03136835438768415,0.07252143928824228,-0.33549348611567886
150,0.022795394253760648,-0.3159325678096292,-0.03136835438768415,0.07252143928824228,-0.33549348611567886,1.1423649815007986
151,-0.3159325678096292,-0.03136835438768415,0.07252143928824228,-0.33549348611567886,1.1423649815007986,0.36794715598380545
152,-0.03136835438768415,0.07252143928824228,-0.33549348611567886,1.1423649815007986,0.36794715598380545,-0.2261616420014323
153,0.07252143928824228,-0.33549348611567886,1.1423649815007986,0.36794715598380545,-0.2261616420014323,0.017478447067276193
154,-0.33549348611567886,1.1423649815007986,0.36794715598380545,-0.2261616420014323,0.017478447067276193,-0.11351369276647594
155,1.1423649815007986,0.36794715598380545,-0.2261616420014323,0.017478447067276193,-0.11351369276647594,-0.017473410383794796
156,0.36794715598380545,-0.2261616420014323,0.017478447067276193,-0.11351369276647594,-0.017473410383794796,0.2055996775592428
157,-0.2261616420014323,0.017478447067276193,-0.11351369276647594,-0.017473410383794796,0.2055996775592428,0.5553525057191644
158,0.017478447067276193,-0.11351369276647594,-0.017473410383794796,0.2055996775592428,0.5553525057191644,0.1475781796328235
159,-0.11351369276647594,-0.017473410383794796,0.2055996775592428,0.5553525057191644,0.1475781796328235,-0.36758995319077226
160,-0.017473410383794796,0.2055996775592428,0.5553525057191644,0.1475781796328235,-0.36758995319077226,0.4762838560523397
161,0.2055996775592428,0.5553525057191644,0.1475781796328235,-0.36758995319077226,0.4762838560523397,0.5576511052951094
162,0.5553525057191644,0.1475781796328235,-0.36758995319077226,0.4762838560523397,0.5576511052951094,0.37390286396496997
163,0.1475781796328235,-0.36758995319077226,0.4762838560523397,0.5576511052951094,0.37390286396496997,0.24652959222828397
164,-0.36758995319077226,0.4762838560523397,0.5576511052951094,0.37390286396496997,0.24652959222828397,-0.342409723658188
165,0.4762838560523397,0.5576511052951094,0.37390286396496997,0.24652959222828397,-0.342409723658188,0.6365920264025604
166,0.5576511052951094,0.37390286396496997,0.24652959222828397,-0.342409723658188,0.6365920264025604,-0.20766916139589586
167,0.37390286396496997,0.24652959222828397,-0.342409723658188,0.6365920264025604,-0.20766916139589586,0.11849710056877072
168,0.24652959222828397,-0.342409723658188,0.6365920264025604,-0.20766916139589586,0.11849710056877072,-0.4739286454720659
169,-0.342409723658188,0.6365920264025604,-0.20766916139589586,0.11849710056877072,-0.4739286454720659,-0.4000090438691095
170,0.6365920264025604,-0.20766916139589586,0.11849710056877072,-0.4739286454720659,-0.4000090438691095,-0.3214000190855937
171,-0.20766916139589586,0.11849710056877072,-0.4739286454720659,-0.4000090438691095,-0.3214000190855937,0.20474717717107183
172,0.11849710056877072,-0.4739286454720659,-0.4000090438691095,-0.3214000190855937,0.20474717717107183,-0.16794385642910914
173,-0.4739286454720659,-0.4000090438691095,-0.3214000190855937,0.20474717717107183,-0.16794385642910914,0.28587264145087943
174,-0.4000090438691095,-0.3214000190855937,0.20474717717107183,-0.16794385642910914,0.28587264145087943,0.27667685247456664
175,-0.3214000190855937,0.20474717717107183,-0.16794385642910914,0.28587264145087943,0.27667685247456664,-0.21509169506589432
176,0.20474717717107183,-0.16794385642910914,0.28587264145087943,0.27667685247456664,-0.21509169506589432,-0.44813102943156435
177,-0.16794385642910914,0.28587264145087943,0.27667685247456664,-0.21509169506589432,-0.44813102943156435,-0.14988742242775244
178,0.28587264145087943,0.27667685247456664,-0.21509169506589432,-0.44813102943156435,-0.14988742242775244,-0.09138923865484871
179,0.27667685247456664,-0.21509169506589432,-0.44813102943156435,-0.14988742242775244,-0.09138923865484871,0.6081768854457659
180,-0.21509169506589432,-0.44813102943156435,-0.14988742242775244,-0.09138923865484871,0.6081768854457659,0.09536418367905863
181,-0.44813102943156435,-0.14988742242775244,-0.09138923865484871,0.6081768854457659,0.09536418367905863,0.3706113070797379
182,-0.14988742242775244,-0.09138923865484871,0.6081768854457659,0.09536418367905863,0.3706113070797379,-0.05783979918021487
183,-0.09138923865484871,0.6081768854457659,0.09536418367905863,0.3706113070797379,-0.05783979918021487,-0.07446361121506984
184,0.6081768854457659,0.09536418367905863,0.3706113070797379,-0.05783979918021487,-0.07446361121506984,0.42415182505299853
185,0.09536418367905863,0.3706113070797379,-0.05783979918021487,-0.07446361121506984,0.42415182505299853,-0.010049842305048795
186,0.3706113070797379,-0.05783979918021487,-0.07446361121506984,0.42415182505299853,-0.010049842305048795,-0.4400265316869101
187,-0.05783979918021487,-0.07446361121506984,0.42415182505299853,-0.010049842305048795,-0.4400265316869101,0.7151230534546693
188,-0.07446361121506984,0.42415182505299853,-0.010049842305048795,-0.4400265316869101,0.7151230534546693,-0.5376310297212639
189,0.42415182505299853,-0.010049842305048795,-0.4400265316869101,0.7151230534546693,-0.5376310297212639,0.41466668537282203
190,-0.010049842305048795,-0.4400265316869101,0.7151230534546693,-0.5376310297212639,0.41466668537282203,-0.06589094951865437
191,-0.4400265316869101,0.7151230534546693,-0.5376310297212639,0.41466668537282203,-0.06589094951865437,-0.29734512140978664
192,0.7151230534546693,-0.5376310297212639,0.41466668537282203,-0.06589094951865437,-0.29734512140978664,-0.6527790072830886
193,-0.5376310297212639,0.41466668537282203,-0.06589094951865437,-0.29734512140978664,-0.6527790072830886,-0.1392079970038207
194,0.41466668537282203,-0.06589094951865437,-0.29734512140978664,-0.6527790072830886,-0.1392079970038207,-0.11698119884903102
195,-0.06589094951865437,-0.29734512140978664,-0.6527790072830886,-0.1392079970038207,-0.11698119884903102,-0.5531086014798681
196,-0.29734512140978664,-0.6527790072830886,-0.1392079970038207,-0.11698119884903102,-0.5531086014798681,0.010970973519652816
197,-0.6527790072830886,-0.1392079970038207,-0.11698119884903102,-0.5531086014798681,0.010970973519652816,0.0
198,-0.1392079970038207,-0.11698119884903102,-0.5531086014798681,0.010970973519652816,0.0,-0.2954669543280719
199,-0.11698119884903102,-0.5531086014798681,0.010970973519652816,0.0,-0.2954669543280719,-0.08638422329960704
200,-0.5531086014798681,0.010970973519652816,0.0,-0.2954669543280719,-0.08638422329960704,-0.07756225559414354
201,0.010970973519652816,0.0,-0.2954669543280719,-0.08638422329960704,-0.07756225559414354,-0.1483708503107417
202,0.0,-0.2954669543280719,-0.08638422329960704,-0.07756225559414354,-0.1483708503107417,-0.22965105955181642
203,-0.2954669543280719,-0.08638422329960704,-0.07756225559414354,-0.1483708503107417,-0.22965105955181642,-0.19877858886589994
204,-0.08638422329960704,-0.07756225559414354,-0.1483708503107417,-0.22965105955181642,-0.19877858886589994,-0.30323382838879365
205,-0.07756225559414354,-0.1483708503107417,-0.22965105955181642,-0.19877858886589994,-0.30323382838879365,0.3608352223611222
206,-0.1483708503107417,-0.22965105955181642,-0.19877858886589994,-0.30323382838879365,0.3608352223611222,-0.46732247049250386
207,-0.22965105955181642,-0.19877858886589994,-0.30323382838879365,0.3608352223611222,-0.46732247049250386,-0.19003483549562272
208,-0.19877858886589994,-0.30323382838879365,0.3608352223611222,-0.46732247049250386,-0.19003483549562272,-0.15524310655355977
209,-0.30323382838879365,0.3608352223611222,-0.46732247049250386,-0.19003483549562272,-0.15524310655355977,0.4048280359946421
210,0.3608352223611222,-0.46732247049250386,-0.19003483549562272,-0.15524310655355977,0.4048280359946421,-0.2548029968427179
211,-0.46732247049250386,-0.19003483549562272,-0.15524310655355977,0.4048280359946421,-0.2548029968427179,0.1871296989450988
212,-0.19003483549562272,-0.15524310655355977,0.4048280359946421,-0.2548029968427179,0.1871296989450988,0.03570732687898648
213,-0.15524310655355977,0.4048280359946421,-0.2548029968427179,0.1871296989450988,0.03570732687898648,0.35618565060202556
214,0.4048280359946421,-0.2548029968427179,0.1871296989450988,0.03570732687898648,0.35618565060202556,0.24819583506552334
215,-0.2548029968427179,0.1871296989450988,0.03570732687898648,0.35618565060202556,0.24819583506552334,-0.10655995851047706
216,0.1871296989450988,0.03570732687898648,0.35618565060202556,0.24819583506552334,-0.10655995851047706,-0.004352012235619984
217,0.03570732687898648,0.35618565060202556,0.24819583506552334,-0.10655995851047706,-0.004352012235619984,0.5554702899202235
218,0.35618565060202556,0.24819583506552334,-0.10655995851047706,-0.004352012235619984,0.5554702899202235,-1.841790161863377
219,0.24819583506552334,-0.10655995851047706,-0.004352012235619984,0.5554702899202235,-1.841790161863377,0.5786161482286278
220,-0.10655995851047706,-0.004352012235619984,0.5554702899202235,-1.841790161863377,0.5786161482286278,-0.7436133497694897
221,-0.004352012235619984,0.5554702899202235,-1.841790161863377,0.5786161482286278,-0.7436133497694897,-0.4713679148511618
222,0.5554702899202235,-1.841790161863377,0.5786161482286278,-0.7436133497694897,-0.4713679148511618,-0.4469625327243376
223,-1.841790161863377,0.5786161482286278,-0.7436133497694897,-0.4713679148511618,-0.4469625327243376,-0.49545500735181935
224,0.5786161482286278,-0.7436133497694897,-0.4713679148511618,-0.4469625327243376,-0.49545500735181935,-0.3222246420885977
225,-0.7436133497694897,-0.4713679148511618,-0.4469625327243376,-0.49545500735181935,-0.3222246420885977,0.034766267324415345
226,-0.4713679148511618,-0.4469625327243376,-0.49545500735181935,-0.3222246420885977,0.034766267324415345,0.5806019818599184
227,-0.4469625327243376,-0.49545500735181935,-0.3222246420885977,0.034766267324415345,0.5806019818599184,0.1198629558994746
228,-0.49545500735181935,-0.3222246420885977,0.034766267324415345,0.5806019818599184,0.1198629558994746,-0.5789868023150069
229,-0.3222246420885977,0.034766267324415345,0.5806019818599184,0.1198629558994746,-0.5789868023150069,-0.7286603503216971
230,0.034766267324415345,0.5806019818599184,0.1198629558994746,-0.5789868023150069,-0.7286603503216971,0.10059984149974888
231,0.5806019818599184,0.1198629558994746,-0.5789868023150069,-0.7286603503216971,0.10059984149974888,-0.339443451969601
232,0.1198629558994746,-0.5789868023150069,-0.7286603503216971,0.10059984149974888,-0.339443451969601,0.4490308188931369
233,-0.5789868023150069,-0.7286603503216971,0.10059984149974888,-0.339443451969601,0.4490308188931369,0.6791653575785039
234,-0.7286603503216971,0.10059984149974888,-0.339443451969601,0.4490308188931369,0.6791653575785039,0.005281913081844891
235,0.10059984149974888,-0.339443451969601,0.4490308188931369,0.6791653575785039,0.005281913081844891,-0.16977970845832857
236,-0.339443451969601,0.4490308188931369,0.6791653575785039,0.005281913081844891,-0.16977970845832857,-0.4158447181446645
237,0.4490308188931369,0.6791653575785039,0.005281913081844891,-0.16977970845832857,-0.4158447181446645,0.09143989742383951
238,0.6791653575785039,0.005281913081844891,-0.16977970845832857,-0.4158447181446645,0.09143989742383951,0.03154091131798431
239,0.005281913081844891,-0.16977970845832857,-0.4158447181446645,0.09143989742383951,0.03154091131798431,0.6795994648919557
240,-0.16977970845832857,-0.4158447181446645,0.09143989742383951,0.03154091131798431,0.6795994648919557,-0.19018358549439673
241,-0.4158447181446645,0.09143989742383951,0.03154091131798431,0.6795994648919557,-0.19018358549439673,-0.09710081955752736
242,0.09143989742383951,0.03154091131798431,0.6795994648919557,-0.19018358549439673,-0.09710081955752736,-0.2106648858464677
243,0.03154091131798431,0.6795994648919557,-0.19018358549439673,-0.09710081955752736,-0.2106648858464677,-0.2479601489141836
244,0.6795994648919557,-0.19018358549439673,-0.09710081955752736,-0.2106648858464677,-0.2479601489141836,-0.31212470011464655
245,-0.19018358549439673,-0.09710081955752736,-0.2106648858464677,-0.2479601489141836,-0.31212470011464655,0.3436723753809323
246,-0.09710081955752736,-0.2106648858464677,-0.2479601489141836,-0.31212470011464655,0.3436723753809323,0.06941552918395821
247,-0.2106648858464677,-0.2479601489141836,-0.31212470011464655,0.3436723753809323,0.06941552918395821,-0.21200121370241742
248,-0.2479601489141836,-0.31212470011464655,0.3436723753809323,0.06941552918395821,-0.21200121370241742,-1.379686040949868
249,-0.31212470011464655,0.3436723753809323,0.06941552918395821,-0.21200121370241742,-1.379686040949868,0.14199956440721362
250,0.3436723753809323,0.06941552918395821,-0.21200121370241742,-1.379686040949868,0.14199956440721362,0.6572816929756531
251,0.06941552918395821,-0.21200121370241742,-1.379686040949868,0.14199956440721362,0.6572816929756531,-0.2611890288039209
252,-0.21200121370241742,-1.379686040949868,0.14199956440721362,0.6572816929756531,-0.2611890288039209,-0.03120618074839987
253,-1.379686040949868,0.14199956440721362,0.6572816929756531,-0.2611890288039209,-0.03120618074839987,-0.029107357560742564
254,0.14199956440721362,0.6572816929756531,-0.2611890288039209,-0.03120618074839987,-0.029107357560742564,0.22721812206090153
255,0.6572816929756531,-0.2611890288039209,-0.03120618074839987,-0.029107357560742564,0.22721812206090153,0.059449210725381896
256,-0.2611890288039209,-0.03120618074839987,-0.029107357560742564,0.22721812206090153,0.059449210725381896,-0.22269349976842268
257,-0.03120618074839987,-0.029107357560742564,0.22721812206090153,0.059449210725381896,-0.22269349976842268,-0.5217249054994322
258,-0.029107357560742564,0.22721812206090153,0.059449210725381896,-0.22269349976842268,-0.5217249054994322,-0.808116751134591
259,0.22721812206090153,0.059449210725381896,-0.22269349976842268,-0.5217249054994322,-0.808116751134591,0.3617188874099453
260,0.059449210725381896,-0.22269349976842268,-0.5217249054994322,-0.808116751134591,0.3617188874099453,0.786245805547714
261,-0.22269349976842268,-0.5217249054994322,-0.808116751134591,0.3617188874099453,0.786245805547714,-0.39312632643694334
262,-0.5217249054994322,-0.808116751134591,0.3617188874099453,0.786245805547714,-0.39312632643694334,-0.29809405322528404
263,-0.808116751134591,0.3617188874099453,0.786245805547714,-0.39312632643694334,-0.29809405322528404,-0.16578833712275198
264,0.3617188874099453,0.786245805547714,-0.39312632643694334,-0.29809405322528404,-0.16578833712275198,-0.5163311937805948
265,0.786245805547714,-0.39312632643694334,-0.29809405322528404,-0.16578833712275198,-0.5163311937805948,0.2032546814788594
266,-0.39312632643694334,-0.29809405322528404,-0.16578833712275198,-0.5163311937805948,0.2032546814788594,0.40506930632360216
267,-0.29809405322528404,-0.16578833712275198,-0.5163311937805948,0.2032546814788594,0.40506930632360216,-0.11222530650011331
268,-0.16578833712275198,-0.5163311937805948,0.2032546814788594,0.40506930632360216,-0.11222530650011331,0.06490050075858012
269,-0.5163311937805948,0.2032546814788594,0.40506930632360216,-0.11222530650011331,0.06490050075858012,-0.23843130829303005
270,0.2032546814788594,0.40506930632360216,-0.11222530650011331,0.06490050075858012,-0.23843130829303005,1.3942797702016563
271,0.40506930632360216,-0.11222530650011331,0.06490050075858012,-0.23843130829303005,1.3942797702016563,-0.14152030165980323
272,-0.11222530650011331,0.06490050075858012,-0.23843130829303005,1.3942797702016563,-0.14152030165980323,0.040599688560072345
273,0.06490050075858012,-0.23843130829303005,1.3942797702016563,-0.14152030165980323,0.040599688560072345,0.056248514916656944
274,-0.23843130829303005,1.3942797702016563,-0.14152030165980323,0.040599688560072345,0.056248514916656944,0.49511381117006703
275,1.3942797702016563,-0.14152030165980323,0.040599688560072345,0.056248514916656944,0.49511381117006703,-0.21516145137691067
276,-0.14152030165980323,0.040599688560072345,0.056248514916656944,0.49511381117006703,-0.21516145137691067,-0.15331053400751138
277,0.040599688560072345,0.056248514916656944,0.49511381117006703,-0.21516145137691067,-0.15331053400751138,-0.03648616303418839
278,0.056248514916656944,0.49511381117006703,-0.21516145137691067,-0.15331053400751138,-0.03648616303418839,-0.268257458552168
279,0.49511381117006703,-0.21516145137691067,-0.15331053400751138,-0.03648616303418839,-0.268257458552168,-1.4377536010052872
280,-0.21516145137691067,-0.15331053400751138,-0.03648616303418839,-0.268257458552168,-1.4377536010052872,0.7766210111102678
281,-0.15331053400751138,-0.03648616303418839,-0.268257458552168,-1.4377536010052872,0.7766210111102678,0.4398011689169534
282,-0.03648616303418839,-0.268257458552168,-1.4377536010052872,0.7766210111102678,0.4398011689169534,0.2704183059746956
283,-0.268257458552168,-1.4377536010052872,0.7766210111102678,0.4398011689169534,0.2704183059746956,-0.14540054721770002
284,-1.4377536010052872,0.7766210111102678,0.4398011689169534,0.2704183059746956,-0.14540054721770002,-0.7135643922794088
285,0.7766210111102678,0.4398011689169534,0.2704183059746956,-0.14540054721770002,-0.7135643922794088,-0.09786114722859507
286,0.4398011689169534,0.2704183059746956,-0.14540054721770002,-0.7135643922794088,-0.09786114722859507,0.6156768707821447
287,0.2704183059746956,-0.14540054721770002,-0.7135643922794088,-0.09786114722859507,0.6156768707821447,0.26084706288276305
288,-0.14540054721770002,-0.7135643922794088,-0.09786114722859507,0.6156768707821447,0.26084706288276305,0.6705875470178757
289,-0.7135643922794088,-0.09786114722859507,0.6156768707821447,0.26084706288276305,0.6705875470178757,0.2632782004510448
290,-0.09786114722859507,0.6156768707821447,0.26084706288276305,0.6705875470178757,0.2632782004510448,-0.03669738116622856
291,0.6156768707821447,0.26084706288276305,0.6705875470178757,0.2632782004510448,-0.03669738116622856,-0.3531586340879578
292,0.26084706288276305,0.6705875470178757,0.2632782004510448,-0.03669738116622856,-0.3531586340879578,-0.261560548386075
293,0.6705875470178757,0.2632782004510448,-0.03669738116622856,-0.3531586340879578,-0.261560548386075,0.7633917867490236
294,0.2632782004510448,-0.03669738116622856,-0.3531586340879578,-0.261560548386075,0.7633917867490236,-0.24511523515325928
295,-0.03669738116622856,-0.3531586340879578,-0.261560548386075,0.7633917867490236,-0.24511523515325928,-0.1286799161344443
296,-0.3531586340879578,-0.261560548386075,0.7633917867490236,-0.24511523515325928,-0.1286799161344443,0.5998783902479099
297,-0.261560548386075,0.7633917867490236,-0.24511523515325928,-0.1286799161344443,0.5998783902479099,-0.33563824334480463
298,0.7633917867490236,-0.24511523515325928,-0.1286799161344443,0.5998783902479099,-0.33563824334480463,-0.8929464425346478
299,-0.24511523515325928,-0.1286799161344443,0.5998783902479099,-0.33563824334480463,-0.8929464425346478,0.18017084062638133
300,-0.1286799161344443,0.5998783902479099,-0.33563824334480463,-0.8929464425346478,0.18017084062638133,0.6836147663262127
301,0.5998783902479099,-0.33563824334480463,-0.8929464425346478,0.18017084062638133,0.6836147663262127,1.3538875107199866
302,-0.33563824334480463,-0.8929464425346478,0.18017084062638133,0.6836147663262127,1.3538875107199866,1.5803682242369943
303,-0.8929464425346478,0.18017084062638133,0.6836147663262127,1.3538875107199866,1.5803682242369943,-0.0647234466842117
304,0.18017084062638133,0.6836147663262127,1.3538875107199866,1.5803682242369943,-0.0647234466842117,0.6733564725031727
305,0.6836147663262127,1.3538875107199866,1.5803682242369943,-0.0647234466842117,0.6733564725031727,-0.1951039928978826
306,1.3538875107199866,1.5803682242369943,-0.0647234466842117,0.6733564725031727,-0.1951039928978826,0.6897692458530891
307,1.5803682242369943,-0.0647234466842117,0.6733564725031727,-0.1951039928978826,0.6897692458530891,-0.2558252061335975
308,-0.0647234466842117,0.6733564725031727,-0.1951039928978826,0.6897692458530891,-0.2558252061335975,-0.2811636557319863
309,0.6733564725031727,-0.1951039928978826,0.6897692458530891,-0.2558252061335975,-0.2811636557319863,0.2361313594480885
310,-0.1951039928978826,0.6897692458530891,-0.2558252061335975,-0.2811636557319863,0.2361313594480885,0.34831765334208953
311,0.6897692458530891,-0.2558252061335975,-0.2811636557319863,0.2361313594480885,0.34831765334208953,0.18596741869165712
312,-0.2558252061335975,-0.2811636557319863,0.2361313594480885,0.34831765334208953,0.18596741869165712,-0.2520622057834987
313,-0.2811636557319863,0.2361313594480885,0.34831765334208953,0.18596741869165712,-0.2520622057834987,-0.5059227151979595
314,0.2361313594480885,0.34831765334208953,0.18596741869165712,-0.2520622057834987,-0.5059227151979595,-0.1928790453157303
315,0.34831765334208953,0.18596741869165712,-0.2520622057834987,-0.5059227151979595,-0.1928790453157303,-0.29709464430931476
316,0.18596741869165712,-0.2520622057834987,-0.5059227151979595,-0.1928790453157303,-0.29709464430931476,-0.14886306947903272
317,-0.2520622057834987,-0.5059227151979595,-0.1928790453157303,-0.29709464430931476,-0.14886306947903272,-0.42109799761305133
318,-0.5059227151979595,-0.1928790453157303,-0.29709464430931476,-0.14886306947903272,-0.42109799761305133,0.5486903144057864
319,-0.1928790453157303,-0.29709464430931476,-0.14886306947903272,-0.42109799761305133,0.5486903144057864,0.21215078090845996
320,-0.29709464430931476,-0.14886306947903272,-0.42109799761305133,0.5486903144057864,0.21215078090845996,-0.04652105854351385
321,-0.14886306947903272,-0.42109799761305133,0.5486903144057864,0.21215078090845996,-0.04652105854351385,-0.21160185046942281
322,-0.42109799761305133,0.5486903144057864,0.21215078090845996,-0.04652105854351385,-0.21160185046942281,1.0439658179454803
323,0.5486903144057864,0.21215078090845996,-0.04652105854351385,-0.21160185046942281,1.0439658179454803,1.2380016951382578
324,0.21215078090845996,-0.04652105854351385,-0.21160185046942281,1.0439658179454803,1.2380016951382578,-0.5360440510336351
325,-0.04652105854351385,-0.21160185046942281,1.0439658179454803,1.2380016951382578,-0.5360440510336351,-0.629822288861126
326,-0.21160185046942281,1.0439658179454803,1.2380016951382578,-0.5360440510336351,-0.629822288861126,0.5962451246217082
327,1.0439658179454803,1.2380016951382578,-0.5360440510336351,-0.629822288861126,0.5962451246217082,-0.25847176829949525
328,1.2380016951382578,-0.5360440510336351,-0.629822288861126,0.5962451246217082,-0.25847176829949525,2.7919435356977162
329,-0.5360440510336351,-0.629822288861126,0.5962451246217082,-0.25847176829949525,2.7919435356977162,0.7577279343956134
330,-0.629822288861126,0.5962451246217082,-0.25847176829949525,2.7919435356977162,0.7577279343956134,-0.03062430815494732
331,0.5962451246217082,-0.25847176829949525,2.7919435356977162,0.7577279343956134,-0.03062430815494732,-0.4144378660155601
332,-0.25847176829949525,2.7919435356977162,0.7577279343956134,-0.03062430815494732,-0.4144378660155601,0.9220013132087201
333,2.7919435356977162,0.7577279343956134,-0.03062430815494732,-0.4144378660155601,0.9220013132087201,1.0177273336324122
334,0.7577279343956134,-0.03062430815494732,-0.4144378660155601,0.9220013132087201,1.0177273336324122,-1.403016623455533
335,-0.03062430815494732,-0.4144378660155601,0.9220013132087201,1.0177273336324122,-1.403016623455533,-0.21068835399171704
336,-0.4144378660155601,0.9220013132087201,1.0177273336324122,-1.403016623455533,-0.21068835399171704,0.3934726147248657
337,0.9220013132087201,1.0177273336324122,-1.403016623455533,-0.21068835399171704,0.3934726147248657,-0.25294967307852856
338,1.0177273336324122,-1.403016623455533,-0.21068835399171704,0.3934726147248657,-0.25294967307852856,0.5818618549439547
339,-1.403016623455533,-0.21068835399171704,0.3934726147248657,-0.25294967307852856,0.5818618549439547,-0.17425088679666745
340,-0.21068835399171704,0.3934726147248657,-0.25294967307852856,0.5818618549439547,-0.17425088679666745,-0.565124200256939
341,0.3934726147248657,-0.25294967307852856,0.5818618549439547,-0.17425088679666745,-0.565124200256939,-0.2507785777999927
342,-0.25294967307852856,0.5818618549439547,-0.17425088679666745,-0.565124200256939,-0.2507785777999927,0.23665629329931992
343,0.5818618549439547,-0.17425088679666745,-0.565124200256939,-0.2507785777999927,0.23665629329931992,-0.08710742701883989
344,-0.17425088679666745,-0.565124200256939,-0.2507785777999927,0.23665629329931992,-0.08710742701883989,0.25974827882915275
345,-0.565124200256939,-0.2507785777999927,0.23665629329931992,-0.08710742701883989,0.25974827882915275,-0.32222829801346053
346,-0.2507785777999927,0.23665629329931992,-0.08710742701883989,0.25974827882915275,-0.32222829801346053,-0.7250799819027876
347,0.23665629329931992,-0.08710742701883989,0.25974827882915275,-0.32222829801346053,-0.7250799819027876,0.04828175986058003
348,-0.08710742701883989,0.25974827882915275,-0.32222829801346053,-0.7250799819027876,0.04828175986058003,-1.193882024732218
349,0.25974827882915275,-0.32222829801346053,-0.7250799819027876,0.04828175986058003,-1.193882024732218,0.8109462705120585
350,-0.32222829801346053,-0.7250799819027876,0.04828175986058003,-1.193882024732218,0.8109462705120585,-0.03241990275094642
351,-0.7250799819027876,0.04828175986058003,-1.193882024732218,0.8109462705120585,-0.03241990275094642,0.09625714399328356
352,0.04828175986058003,-1.193882024732218,0.8109462705120585,-0.03241990275094642,0.09625714399328356,-0.04587228270362953
353,-1.193882024732218,0.8109462705120585,-0.03241990275094642,0.09625714399328356,-0.04587228270362953,0.41001384685135367
354,0.8109462705120585,-0.03241990275094642,0.09625714399328356,-0.04587228270362953,0.41001384685135367,0.48538280285301827
355,-0.03241990275094642,0.09625714399328356,-0.04587228270362953,0.41001384685135367,0.48538280285301827,0.3829962183004687
356,0.09625714399328356,-0.04587228270362953,0.41001384685135367,0.48538280285301827,0.3829962183004687,-0.43547334541853555
357,-0.04587228270362953,0.41001384685135367,0.48538280285301827,0.3829962183004687,-0.43547334541853555,0.8063275420608917
358,0.41001384685135367,0.48538280285301827,0.3829962183004687,-0.43547334541853555,0.8063275420608917,0.13780624862818058
359,0.48538280285301827,0.3829962183004687,-0.43547334541853555,0.8063275420608917,0.13780624862818058,-0.4512133069928481
360,0.3829962183004687,-0.43547334541853555,0.8063275420608917,0.13780624862818058,-0.4512133069928481,-0.9121845100342862
361,-0.43547334541853555,0.8063275420608917,0.13780624862818058,-0.4512133069928481,-0.9121845100342862,1.2880357778047635
362,0.8063275420608917,0.13780624862818058,-0.4512133069928481,-0.9121845100342862,1.2880357778047635,-0.22025434804063826
363,0.13780624862818058,-0.4512133069928481,-0.9121845100342862,1.2880357778047635,-0.22025434804063826,0.8819226592268192
364,-0.4512133069928481,-0.9121845100342862,1.2880357778047635,-0.22025434804063826,0.8819226592268192,-0.6022474969410219
365,-0.9121845100342862,1.2880357778047635,-0.22025434804063826,0.8819226592268192,-0.6022474969410219,0.3300948975709872
366,1.2880357778047635,-0.22025434804063826,0.8819226592268192,-0.6022474969410219,0.3300948975709872,0.2783278827282132
367,-0.22025434804063826,0.8819226592268192,-0.6022474969410219,0.3300948975709872,0.2783278827282132,-0.401553968688928
368,0.8819226592268192,-0.6022474969410219,0.3300948975709872,0.2783278827282132,-0.401553968688928,0.17713400708556648
369,-0.6022474969410219,0.3300948975709872,0.2783278827282132,-0.401553968688928,0.17713400708556648,0.08235503479774309
370,0.3300948975709872,0.2783278827282132,-0.401553968688928,0.17713400708556648,0.08235503479774309,0.628405814744526
371,0.2783278827282132,-0.401553968688928,0.17713400708556648,0.08235503479774309,0.628405814744526,0.789975565342127
372,-0.401553968688928,0.17713400708556648,0.08235503479774309,0.628405814744526,0.789975565342127,-0.37559350278424386
373,0.17713400708556648,0.08235503479774309,0.628405814744526,0.789975565342127,-0.37559350278424386,-0.04620169272111507
374,0.08235503479774309,0.628405814744526,0.789975565342127,-0.37559350278424386,-0.04620169272111507,-0.594800541714724
375,0.628405814744526,0.789975565342127,-0.37559350278424386,-0.04620169272111507,-0.594800541714724,-0.04476588490742728
376,0.789975565342127,-0.37559350278424386,-0.04620169272111507,-0.594800541714724,-0.04476588490742728,0.3073943633080223
377,-0.37559350278424386,-0.04620169272111507,-0.594800541714724,-0.04476588490742728,0.3073943633080223,-0.10350377251370224
378,-0.04620169272111507,-0.594800541714724,-0.04476588490742728,0.3073943633080223,-0.10350377251370224,0.8536921477964032
379,-0.594800541714724,-0.04476588490742728,0.3073943633080223,-0.10350377251370224,0.8536921477964032,0.11379258177608431
380,-0.04476588490742728,0.3073943633080223,-0.10350377251370224,0.8536921477964032,0.11379258177608431,0.6157340641507414
381,0.3073943633080223,-0.10350377251370224,0.8536921477964032,0.11379258177608431,0.6157340641507414,0.07249234392081583
382,-0.10350377251370224,0.8536921477964032,0.11379258177608431,0.6157340641507414,0.07249234392081583,0.3013925168278808
383,0.8536921477964032,0.11379258177608431,0.6157340641507414,0.07249234392081583,0.3013925168278808,0.5092043354437914
384,0.11379258177608431,0.6157340641507414,0.07249234392081583,0.3013925168278808,0.5092043354437914,0.15583858686389895
385,0.6157340641507414,0.07249234392081583,0.3013925168278808,0.5092043354437914,0.15583858686389895,-0.044844072685967795
386,0.07249234392081583,0.3013925168278808,0.5092043354437914,0.15583858686389895,-0.044844072685967795,-0.2436668096811645
387,0.3013925168278808,0.5092043354437914,0.15583858686389895,-0.044844072685967795,-0.2436668096811645,0.07892943572744837
388,0.5092043354437914,0.15583858686389895,-0.044844072685967795,-0.2436668096811645,0.07892943572744837,-0.3755652578407487
389,0.15583858686389895,-0.044844072685967795,-0.2436668096811645,0.07892943572744837,-0.3755652578407487,-0.1020078368183186
390,-0.044844072685967795,-0.2436668096811645,0.07892943572744837,-0.3755652578407487,-0.1020078368183186,0.056317670296879285
391,-0.2436668096811645,0.07892943572744837,-0.3755652578407487,-0.1020078368183186,0.056317670296879285,-0.24225628397964716
392,0.07892943572744837,-0.3755652578407487,-0.1020078368183186,0.056317670296879285,-0.24225628397964716,-0.17639848026553828
393,-0.3755652578407487,-0.1020078368183186,0.056317670296879285,-0.24225628397964716,-0.17639848026553828,-0.13532100753279597
394,-0.1020078368183186,0.056317670296879285,-0.24225628397964716,-0.17639848026553828,-0.13532100753279597,-0.5049252023216044
395,0.056317670296879285,-0.24225628397964716,-0.17639848026553828,-0.13532100753279597,-0.5049252023216044,0.24434665922290488
396,-0.24225628397964716,-0.17639848026553828,-0.13532100753279597,-0.5049252023216044,0.24434665922290488,-0.17422791502890167
397,-0.17639848026553828,-0.13532100753279597,-0.5049252023216044,0.24434665922290488,-0.17422791502890167,0.13141727864733888
398,-0.13532100753279597,-0.5049252023216044,0.24434665922290488,-0.17422791502890167,0.13141727864733888,0.5484812962578856
399,-0.5049252023216044,0.24434665922290488,-0.17422791502890167,0.13141727864733888,0.5484812962578856,0.38152555175337
400,0.24434665922290488,-0.17422791502890167,0.13141727864733888,0.5484812962578856,0.38152555175337,0.2990702834968051
401,-0.17422791502890167,0.13141727864733888,0.5484812962578856,0.38152555175337,0.2990702834968051,-0.15400473566333783
402,0.13141727864733888,0.5484812962578856,0.38152555175337,0.2990702834968051,-0.15400473566333783,0.005871164147408514
403,0.5484812962578856,0.38152555175337,0.2990702834968051,-0.15400473566333783,0.005871164147408514,-1.361462298438998
404,0.38152555175337,0.2990702834968051,-0.15400473566333783,0.005871164147408514,-1.361462298438998,-0.3950425906899091
405,0.2990702834968051,-0.15400473566333783,0.005871164147408514,-1.361462298438998,-0.3950425906899091,-1.0526402697315418
406,-0.15400473566333783,0.005871164147408514,-1.361462298438998,-0.3950425906899091,-1.0526402697315418,-0.04912575965008159
407,0.005871164147408514,-1.361462298438998,-0.3950425906899091,-1.0526402697315418,-0.04912575965008159,1.4263281535664252
408,-1.361462298438998,-0.3950425906899091,-1.0526402697315418,-0.04912575965008159,1.4263281535664252,-0.022017339786817303
409,-0.3950425906899091,-1.0526402697315418,-0.04912575965008159,1.4263281535664252,-0.022017339786817303,-0.04284036012656145
410,-1.0526402697315418,-0.04912575965008159,1.4263281535664252,-0.022017339786817303,-0.04284036012656145,0.7254479395229607
411,-0.04912575965008159,1.4263281535664252,-0.022017339786817303,-0.04284036012656145,0.7254479395229607,0.11559956311337771
412,1.4263281535664252,-0.022017339786817303,-0.04284036012656145,0.7254479395229607,0.11559956311337771,-0.24576614146440967
413,-0.022017339786817303,-0.04284036012656145,0.7254479395229607,0.11559956311337771,-0.24576614146440967,-0.25329006384294805
414,-0.04284036012656145,0.7254479395229607,0.11559956311337771,-0.24576614146440967,-0.25329006384294805,0.5044498085522209
415,0.7254479395229607,0.11559956311337771,-0.24576614146440967,-0.25329006384294805,0.5044498085522209,0.3068778931230032
416,0.11559956311337771,-0.24576614146440967,-0.25329006384294805,0.5044498085522209,0.3068778931230032,-0.52547013700186
417,-0.24576614146440967,-0.25329006384294805,0.5044498085522209,0.3068778931230032,-0.52547013700186,0.47412193569027483
418,-0.25329006384294805,0.5044498085522209,0.3068778931230032,-0.52547013700186,0.47412193569027483,-0.3267246064411977
419,0.5044498085522209,0.3068778931230032,-0.52547013700186,0.47412193569027483,-0.3267246064411977,-0.22120711328190712
420,0.3068778931230032,-0.52547013700186,0.47412193569027483,-0.3267246064411977,-0.22120711328190712,0.07923034548853458
421,-0.52547013700186,0.47412193569027483,-0.3267246064411977,-0.22120711328190712,0.07923034548853458,-0.3321295517033751
422,0.47412193569027483,-0.3267246064411977,-0.22120711328190712,0.07923034548853458,-0.3321295517033751,0.8313816789309092
423,-0.3267246064411977,-0.22120711328190712,0.07923034548853458,-0.3321295517033751,0.8313816789309092,-0.7784397121532227
424,-0.22120711328190712,0.07923034548853458,-0.3321295517033751,0.8313816789309092,-0.7784397121532227,0.18041788739109332
425,0.07923034548853458,-0.3321295517033751,0.8313816789309092,-0.7784397121532227,0.18041788739109332,0.07338296814596301
426,-0.3321295517033751,0.8313816789309092,-0.7784397121532227,0.18041788739109332,0.07338296814596301,0.28852694977008486
427,0.8313816789309092,-0.7784397121532227,0.18041788739109332,0.07338296814596301,0.28852694977008486,0.08769080505828253
428,-0.7784397121532227,0.18041788739109332,0.07338296814596301,0.28852694977008486,0.08769080505828253,0.20620331010148263
429,0.18041788739109332,0.07338296814596301,0.28852694977008486,0.08769080505828253,0.20620331010148263,-0.6818667442679227
430,0.07338296814596301,0.28852694977008486,0.08769080505828253,0.20620331010148263,-0.6818667442679227,0.20988615312806935
431,0.28852694977008486,0.08769080505828253,0.20620331010148263,-0.6818667442679227,0.20988615312806935,-0.03031234597824506
432,0.08769080505828253,0.20620331010148263,-0.6818667442679227,0.20988615312806935,-0.03031234597824506,0.4825879723410198
433,0.20620331010148263,-0.6818667442679227,0.20988615312806935,-0.03031234597824506,0.4825879723410198,0.4778174989349404
434,-0.6818667442679227,0.20988615312806935,-0.03031234597824506,0.4825879723410198,0.4778174989349404,-0.564072504420543
435,0.20988615312806935,-0.03031234597824506,0.4825879723410198,0.4778174989349404,-0.564072504420543,0.005857199639236477
436,-0.03031234597824506,0.4825879723410198,0.4778174989349404,-0.564072504420543,0.005857199639236477,0.26755139493519486
437,0.4825879723410198,0.4778174989349404,-0.564072504420543,0.005857199639236477,0.26755139493519486,-0.07035886474967556
438,0.4778174989349404,-0.564072504420543,0.005857199639236477,0.26755139493519486,-0.07035886474967556,0.31762058226916245
439,-0.564072504420543,0.005857199639236477,0.26755139493519486,-0.07035886474967556,0.31762058226916245,0.9152790526439691
440,0.005857199639236477,0.26755139493519486,-0.07035886474967556,0.31762058226916245,0.9152790526439691,-0.3796270085562381
441,0.26755139493519486,-0.07035886474967556,0.31762058226916245,0.9152790526439691,-0.3796270085562381,-0.29830694629607857
442,-0.07035886474967556,0.31762058226916245,0.9152790526439691,-0.3796270085562381,-0.29830694629607857,-0.458919468691954
443,0.31762058226916245,0.9152790526439691,-0.3796270085562381,-0.29830694629607857,-0.458919468691954,0.5463925860591967
444,0.9152790526439691,-0.3796270085562381,-0.29830694629607857,-0.458919468691954,0.5463925860591967,0.11342028214857969
445,-0.3796270085562381,-0.29830694629607857,-0.458919468691954,0.5463925860591967,0.11342028214857969,-0.5907559229970882
446,-0.29830694629607857,-0.458919468691954,0.5463925860591967,0.11342028214857969,-0.5907559229970882,-0.6974319498375126
447,-0.458919468691954,0.5463925860591967,0.11342028214857969,-0.5907559229970882,-0.6974319498375126,0.3898836318379839
448,0.5463925860591967,0.11342028214857969,-0.5907559229970882,-0.6974319498375126,0.3898836318379839,0.19825738761274359
449,0.11342028214857969,-0.5907559229970882,-0.6974319498375126,0.3898836318379839,0.19825738761274359,0.03755697563918581
450,-0.5907559229970882,-0.6974319498375126,0.3898836318379839,0.19825738761274359,0.03755697563918581,-0.01525687209337212
451,-0.6974319498375126,0.3898836318379839,0.19825738761274359,0.03755697563918581,-0.01525687209337212,-0.07620456756015637
452,0.3898836318379839,0.19825738761274359,0.03755697563918581,-0.01525687209337212,-0.07620456756015637,-0.10776005590223958
453,0.19825738761274359,0.03755697563918581,-0.01525687209337212,-0.07620456756015637,-0.10776005590223958,-0.01873764267223965
454,0.03755697563918581,-0.01525687209337212,-0.07620456756015637,-0.10776005590223958,-0.01873764267223965,-0.47551225397653996
455,-0.01525687209337212,-0.07620456756015637,-0.10776005590223958,-0.01873764267223965,-0.47551225397653996,-0.19424973329146278
456,-0.07620456756015637,-0.10776005590223958,-0.01873764267223965,-0.47551225397653996,-0.19424973329146278,-0.5632840619910651
457,-0.10776005590223958,-0.01873764267223965,-0.47551225397653996,-0.19424973329146278,-0.5632840619910651,0.31094642734201816
458,-0.01873764267223965,-0.47551225397653996,-0.19424973329146278,-0.5632840619910651,0.31094642734201816,-0.30652003132498606
459,-0.47551225397653996,-0.19424973329146278,-0.5632840619910651,0.31094642734201816,-0.30652003132498606,0.30629787385783036
460,-0.19424973329146278,-0.5632840619910651,0.31094642734201816,-0.30652003132498606,0.30629787385783036,0.37966881314350776
461,-0.5632840619910651,0.31094642734201816,-0.30652003132498606,0.30629787385783036,0.37966881314350776,0.45745776842451846
462,0.31094642734201816,-0.30652003132498606,0.30629787385783036,0.37966881314350776,0.45745776842451846,-0.3602179138539885
463,-0.30652003132498606,0.30629787385783036,0.37966881314350776,0.45745776842451846,-0.3602179138539885,-0.11179075454055276
464,0.30629787385783036,0.37966881314350776,0.45745776842451846,-0.3602179138539885,-0.11179075454055276,-0.3781716149750203
465,0.37966881314350776,0.45745776842451846,-0.3602179138539885,-0.11179075454055276,-0.3781716149750203,0.06965288242495316
466,0.45745776842451846,-0.3602179138539885,-0.11179075454055276,-0.3781716149750203,0.06965288242495316,0.08249220313643058
467,-0.3602179138539885,-0.11179075454055276,-0.3781716149750203,0.06965288242495316,0.08249220313643058,0.11747476354981856
468,-0.11179075454055276,-0.3781716149750203,0.06965288242495316,0.08249220313643058,0.11747476354981856,0.1724439736437322
469,-0.3781716149750203,0.06965288242495316,0.08249220313643058,0.11747476354981856,0.1724439736437322,0.05246466257384785
470,0.06965288242495316,0.08249220313643058,0.11747476354981856,0.1724439736437322,0.05246466257384785,-0.4676089129250993
471,0.08249220313643058,0.11747476354981856,0.1724439736437322,0.05246466257384785,-0.4676089129250993,-0.26617087187807975
472,0.11747476354981856,0.1724439736437322,0.05246466257384785,-0.4676089129250993,-0.26617087187807975,-0.383881271845421
473,0.1724439736437322,0.05246466257384785,-0.4676089129250993,-0.26617087187807975,-0.383881271845421,-0.07718380054317908
474,0.05246466257384785,-0.4676089129250993,-0.26617087187807975,-0.383881271845421,-0.07718380054317908,-0.29173258419082915
475,-0.4676089129250993,-0.26617087187807975,-0.383881271845421,-0.07718380054317908,-0.29173258419082915,0.09772937991558983
476,-0.26617087187807975,-0.383881271845421,-0.07718380054317908,-0.29173258419082915,0.09772937991558983,0.4561919954874316
477,-0.383881271845421,-0.07718380054317908,-0.29173258419082915,0.09772937991558983,0.4561919954874316,-0.04617997950285835
478,-0.07718380054317908,-0.29173258419082915,0.09772937991558983,0.4561919954874316,-0.04617997950285835,0.11557557451913336
479,-0.29173258419082915,0.09772937991558983,0.4561919954874316,-0.04617997950285835,0.11557557451913336,0.26187998451556727
480,0.09772937991558983,0.4561919954874316,-0.04617997950285835,0.11557557451913336,0.26187998451556727,0.04056464170609786
481,0.4561919954874316,-0.04617997950285835,0.11557557451913336,0.26187998451556727,0.04056464170609786,0.3431428150976634
482,-0.04617997950285835,0.11557557451913336,0.26187998451556727,0.04056464170609786,0.3431428150976634,-0.14287326216215757
483,0.11557557451913336,0.26187998451556727,0.04056464170609786,0.3431428150976634,-0.14287326216215757,-0.21326692706166162
484,0.26187998451556727,0.04056464170609786,0.3431428150976634,-0.14287326216215757,-0.21326692706166162,-0.0810665319466164
485,0.04056464170609786,0.3431428150976634,-0.14287326216215757,-0.21326692706166162,-0.0810665319466164,-0.34967590310897023
486,0.3431428150976634,-0.14287326216215757,-0.21326692706166162,-0.0810665319466164,-0.34967590310897023,-0.053062563106698324
487,-0.14287326216215757,-0.21326692706166162,-0.0810665319466164,-0.34967590310897023,-0.053062563106698324,-0.23360129840279686
488,-0.21326692706166162,-0.0810665319466164,-0.34967590310897023,-0.053062563106698324,-0.23360129840279686,0.10828438194874224
489,-0.0810665319466164,-0.34967590310897023,-0.053062563106698324,-0.23360129840279686,0.10828438194874224,0.38857634592328605
490,-0.34967590310897023,-0.053062563106698324,-0.23360129840279686,0.10828438194874224,0.38857634592328605,0.32254476698920787
491,-0.053062563106698324,-0.23360129840279686,0.10828438194874224,0.38857634592328605,0.32254476698920787,-0.019717279488074002
492,-0.23360129840279686,0.10828438194874224,0.38857634592328605,0.32254476698920787,-0.019717279488074002,0.013914779273482836
493,0.10828438194874224,0.38857634592328605,0.32254476698920787,-0.019717279488074002,0.013914779273482836,0.05340106853513049
494,0.38857634592328605,0.32254476698920787,-0.019717279488074002,0.013914779273482836,0.05340106853513049,0.17441337417734015
495,0.32254476698920787,-0.019717279488074002,0.013914779273482836,0.05340106853513049,0.17441337417734015,0.3348405480923855
496,-0.019717279488074002,0.013914779273482836,0.05340106853513049,0.17441337417734015,0.3348405480923855,-0.2060723075929638
497,0.013914779273482836,0.05340106853513049,0.17441337417734015,0.3348405480923855,-0.2060723075929638,-0.022115992647664395
498,0.05340106853513049,0.17441337417734015,0.3348405480923855,-0.2060723075929638,-0.022115992647664395,0.010466455726287904
499,0.17441337417734015,0.3348405480923855,-0.2060723075929638,-0.022115992647664395,0.010466455726287904,-0.11278422618286044
500,0.3348405480923855,-0.2060723075929638,-0.022115992647664395,0.010466455726287904,-0.11278422618286044,0.6271748856121917
501,-0.2060723075929638,-0.022115992647664395,0.010466455726287904,-0.11278422618286044,0.6271748856121917,0.3263644397137
502,-0.022115992647664395,0.010466455726287904,-0.11278422618286044,0.6271748856121917,0.3263644397137,-0.015262371126645302
503,0.010466455726287904,-0.11278422618286044,0.6271748856121917,0.3263644397137,-0.015262371126645302,0.14458302179327642
504,-0.11278422618286044,0.6271748856121917,0.3263644397137,-0.015262371126645302,0.14458302179327642,-0.04347657650001224
505,0.6271748856121917,0.3263644397137,-0.015262371126645302,0.14458302179327642,-0.04347657650001224,-0.06105804521927549
506,0.3263644397137,-0.015262371126645302,0.14458302179327642,-0.04347657650001224,-0.06105804521927549,-0.14187562314870172
507,-0.015262371126645302,0.14458302179327642,-0.04347657650001224,-0.06105804521927549,-0.14187562314870172,-0.1498647547091836
508,0.14458302179327642,-0.04347657650001224,-0.06105804521927549,-0.14187562314870172,-0.1498647547091836,0.494162732000869
509,-0.04347657650001224,-0.06105804521927549,-0.14187562314870172,-0.1498647547091836,0.494162732000869,0.2512564596030664
510,-0.06105804521927549,-0.14187562314870172,-0.1498647547091836,0.494162732000869,0.2512564596030664,-0.0860452476322382
511,-0.14187562314870172,-0.1498647547091836,0.494162732000869,0.2512564596030664,-0.0860452476322382,-0.10712826260232955
